name,07:00:00,07:30:00,08:00:00,08:30:00,09:00:00,09:30:00,10:00:00,10:30:00,11:00:00,11:30:00,12:00:00,12:30:00,13:00:00,13:30:00,14:00:00,14:30:00,15:00:00,15:30:00,16:00:00,16:30:00,17:00:00,17:30:00,18:00:00,18:30:00,19:00:00,19:30:00,20:00:00,20:30:00,21:00:00,21:30:00,22:00:00,22:30:00,23:00:00,23:30:00
鈴木 さゆり,○,○,○,○,○,○,○,○,○,○,○,○,○,○,○,○,○,○,○,○,○,○,○,○,○,○,○,○,○,○,○,○,○,○
森 くみ子,×,×,×,×,×,×,×,×,×,×,×,○,○,○,○,○,○,○,○,○,○,○,○,×,×,×,×,×,×,×,×,×,×,×
中川 香織,○,○,○,○,○,○,○,○,○,○,○,○,○,○,○,○,○,○,○,○,○,○,○,○,○,○,○,○,○,○,○,○,○,○
小林 桃子,○,○,○,○,○,○,○,○,○,○,○,○,○,○,○,○,○,○,○,○,○,○,○,○,○,○,○,○,○,○,○,○,○,○
中村 明美,×,×,×,×,×,×,×,×,×,×,×,×,×,○,○,○,○,○,○,○,○,○,×,×,×,×,×,×,×,×,×,×,×,×
田中 美加子,×,×,×,×,×,×,×,×,×,×,×,×,×,×,×,×,×,×,×,×,×,×,×,×,×,○,○,○,○,○,○,○,×,×
小林 治,○,○,○,○,○,○,○,○,○,○,○,○,○,○,○,○,○,○,○,○,○,○,○,○,○,○,○,○,○,○,○,○,○,○
伊藤 太一,×,×,×,×,×,×,×,×,×,×,×,×,×,×,×,×,×,×,×,×,×,×,○,○,○,○,○,○,○,○,○,×,×,×
鈴木 稔,○,○,○,○,○,○,○,○,○,○,○,○,○,○,○,○,○,○,○,○,○,○,○,○,○,○,○,○,○,○,○,○,○,○
佐藤 直人,×,×,×,×,×,×,×,×,×,×,×,×,×,×,×,×,×,×,×,×,○,○,○,○,○,○,○,○,○,×,×,×,×,×
三浦 健一,○,○,○,○,○,○,○,○,○,○,○,○,○,○,○,○,○,○,○,○,○,○,○,○,○,○,○,○,○,○,○,○,○,○
前田 翔太,×,×,×,×,×,×,×,×,×,×,×,×,×,×,×,×,×,○,×,×,×,×,×,×,×,×,×,×,×,×,×,×,×,×
清水 直子,○,○,○,○,○,○,○,○,○,○,○,○,○,○,○,○,○,○,○,○,○,○,○,○,○,○,○,○,○,○,○,○,○,○
林 結衣,×,×,×,×,×,×,×,×,×,×,×,×,×,○,○,○,○,×,×,×,×,×,×,×,×,×,×,×,×,×,×,×,×,×
山本 美加子,×,×,×,×,×,×,×,×,○,○,○,○,○,○,○,○,○,○,○,○,○,○,○,○,○,○,○,○,×,×,×,×,×,×
山田 加奈,×,×,×,×,×,×,×,×,×,×,×,×,×,×,×,×,×,×,×,○,○,○,○,×,×,×,×,×,×,×,×,×,×,×
池田 直子,○,○,○,○,○,○,○,○,○,○,○,○,○,○,○,○,○,○,○,○,○,○,○,○,○,○,○,○,○,○,○,○,○,○
岡田 翼,×,×,×,×,×,×,×,×,×,×,×,×,×,×,×,×,○,○,○,○,○,○,○,○,○,○,○,○,×,×,×,×,×,×
中島 裕美子,×,×,×,×,×,×,×,×,×,×,×,×,×,×,○,○,○,○,○,○,○,○,○,○,○,×,×,×,×,×,×,×,×,×
